{"info":{"_postman_id":"0d957b83-08ad-4430-a9f7-425892c8a3d7","name":"TestAdapost","schema":"https://schema.getpostman.com/json/collection/v2.1.0/collection.json"},"item":[{"name":"Request","id":"8afb4643-ec48-4d14-acf5-5eab9a427c03","protocolProfileBehavior":{"disableBodyPruning":true},"request":{"method":"POST","header":[{"key":"Authorization","value":"bearer eyJhbGciOiJIUzI1NiIsInR5cCI6IkpXVCJ9.eyJuYW1laWQiOiI1IiwidW5pcXVlX25hbWUiOiJ0ZXN0M0BnbWFpbC5jb20iLCJyb2xlIjoiQWRtaW4iLCJuYmYiOjE2NDIyNzY1NTEsImV4cCI6MTY0MjI3NzE1MSwiaWF0IjoxNjQyMjc2NTUxfQ.q-_T1r6xXiIZ59ZuVTJN5h_utUZysjo2nanmXRlcRmE","type":"default"}],"body":{"mode":"raw","raw":"{\r\n\"Nume\": \"Test\",\r\n\"Email\": \"test@gmail.com\",\r\n\"Telefon\":  \"0741498829\",\r\n\"LocationId\": 7\r\n}\r\n\r\n","options":{"raw":{"language":"json"}}},"url":{"raw":"https://localhost:44390/api/Adapost/AddAdapost","protocol":"https","host":["localhost"],"port":"44390","path":["api","Adapost","AddAdapost"]}},"response":[]}]}