{"info":{"_postman_id":"5f809dfa-9889-4002-8c63-0935acd4158c","name":"Ui","schema":"https://schema.getpostman.com/json/collection/v2.1.0/collection.json"},"item":[{"name":"Get","id":"8afee6f9-e0a2-4280-8167-558fdc6a4d37","protocolProfileBehavior":{"disableBodyPruning":true},"request":{"method":"GET","header":[],"body":{"mode":"raw","raw":"{\r\n    \"NameStudent\": \"Andrei\",\r\n    \"VarstaStudent\": 19\r\n}","options":{"raw":{"language":"json"}}},"url":{"raw":"https://localhost:44349/api/students/Get/1","protocol":"https","host":["localhost"],"port":"44349","path":["api","students","Get","1"]}},"response":[]}]}