{"info":{"_postman_id":"693ef6e8-ff84-47f9-9dd2-e8c8e7a81b9d","name":"AUTH","schema":"https://schema.getpostman.com/json/collection/v2.1.0/collection.json"},"item":[{"name":"login","id":"a5b7a124-6441-482b-bd55-3287f62887fc","protocolProfileBehavior":{"disableBodyPruning":true},"request":{"method":"POST","header":[],"body":{"mode":"raw","raw":"{\r\n  \"userName\": \"ispilante\",\r\n  \"password\": \"Parola123!\"\r\n}","options":{"raw":{"language":"json"}}},"url":{"raw":"https://localhost:44328/api/Auth/Login","protocol":"https","host":["localhost"],"port":"44328","path":["api","Auth","Login"]}},"response":[]},{"name":"register","id":"c3cc46c5-99bd-47f9-bf19-1cf6ee732fb8","protocolProfileBehavior":{"disableBodyPruning":true},"request":{"method":"POST","header":[],"body":{"mode":"raw","raw":"{\r\n  \"userName\": \"detergent\",\r\n  \"email\": \"detergent@gmail.com\",\r\n  \"firstName\": \"Manuel\",\r\n  \"lastName\": \"Otilia\",\r\n  \"password\": \"Parola123!\",\r\n  \"type\": \"Organisatie\",\r\n  \"role\": \"User\",\r\n  \"dateCreated\": \"2022-04-10T16:17:05.018Z\"\r\n}","options":{"raw":{"language":"json"}}},"url":{"raw":"https://localhost:44328/api/Auth/Register","protocol":"https","host":["localhost"],"port":"44328","path":["api","Auth","Register"]}},"response":[]}]}