{"info":{"_postman_id":"c6f98147-5b1d-4403-9bb9-6ba4a5aedf64","name":"Test","schema":"https://schema.getpostman.com/json/collection/v2.1.0/collection.json"},"item":[{"name":"TestRequest","id":"0986d120-df15-405b-bbbe-282bb38eab3b","protocolProfileBehavior":{"disableBodyPruning":true},"request":{"method":"GET","header":[]},"response":[]},{"name":"New Request","id":"01462ebd-66cb-43e5-a707-3fb98b988c23","protocolProfileBehavior":{"disableBodyPruning":true},"request":{"method":"GET","header":[]},"response":[]}]}